,_id,deviceType,deviceFirmwareVersion,deviceMACAddress,deviceAnimalID,__v
0,62d56cc2e71f68426833cc74,CARAVANA,2222,BC27B1A003FE,640f6ef10c8f4c1edc6767e4,0
1,62d6e9fc0408c608acb6fe31,CARAVANA,2222,E0402C1C41C3,642354190dac5500301350d0,0
2,62d99152a30a66002645c414,CARAVANA,2222,D8C5EB08B8C4,640f6ef10c8f4c1edc67680e,0
3,62d9a95f0223ce002612b082,CARAVANA,2222,76C16507C7F1,62d9a9400223ce002612b065,0
4,62d9ad5d0223ce002612b4e5,CARAVANA,2222,14D06B0EA2EE,638660af3039cf00301d200e,0
5,62d9ae0f0223ce002612b563,CARAVANA,2222,D9F4EE08E1DA,62d9adf10223ce002612b546,0
6,62d9ae6b0223ce002612b59b,CARAVANA,2222,F37C1F3D76E1,62d9ae270223ce002612b57e,0
7,62de77613c3f510026f25669,CARAVANA,2222,EA1AB896ABEA,62de77333c3f510026f2564a,0
8,62f52bee401c510025e01f29,COLLAR,2.0.0,0004A30B00F82BD2,62d6e9920408c608acb6fdd0,0
9,62d9802ea30a66002645b7b3,CARAVANA,2222,154B4B13DBDA,62d98009a30a66002645b744,0
10,62d98d77a30a66002645c221,CARAVANA,2222,6826B88008FC,62d98d56a30a66002645c1ff,0
11,62d990cba30a66002645c3de,CARAVANA,2222,383C9FC5BEF9,62d990a8a30a66002645c3c1,0
12,62d994cea30a66002645c4b3,CARAVANA,2222,E8992654F1E2,62d9948ba30a66002645c480,0
13,62d9ac200223ce002612b3d3,CARAVANA,2222,A722E78120C0,62d9abf50223ce002612b3b6,0
14,62d98ed1a30a66002645c2e6,CARAVANA,2222,D1A5E6927CD1,638660af3039cf00301d2000,0
15,62d99562a30a66002645c4f6,CARAVANA,2222,B31CAFD9EEE3,62d99512a30a66002645c4db,0
16,62d9a8ae0223ce002612b008,CARAVANA,2222,06B4FBACC1E8,62d9a88c0223ce002612afed,0
17,62d9aad30223ce002612b35b,CARAVANA,2222,118B3BB8E7EB,62d9aa800223ce002612b336,0
18,62d9aba30223ce002612b39d,CARAVANA,2222,F356641DB6D3,62d9ab7e0223ce002612b37e,0
19,62d9aeca0223ce002612b5da,CARAVANA,2222,16F549FB05C6,62d9ae9d0223ce002612b5b6,0
20,62d98df8a30a66002645c2a8,CARAVANA,2222,A7AA2D0FF0F3,62d98db9a30a66002645c287,0
21,62d9906ca30a66002645c3a8,CARAVANA,2222,FC86258EA9FD,62d99045a30a66002645c384,0
22,62d9a9120223ce002612b044,CARAVANA,2222,E0CC95C9A2DA,62d9a8ee0223ce002612b023,0
23,62d9aa040223ce002612b0f0,CARAVANA,2222,991EA9D45EF7,62d9a9e10223ce002612b0d3,0
24,62d9ac760223ce002612b41b,CARAVANA,2222,A7E0CB5ACBE0,62d9ac5d0223ce002612b400,0
25,62d9acd30223ce002612b453,CARAVANA,2222,1D96FE9FFEF4,62d9acb50223ce002612b438,0
26,62d9adca0223ce002612b52a,CARAVANA,2222,4117145F01F4,62d9ad880223ce002612b4ff,0
27,62dac6cae95cd50025ecf613,CARAVANA,2222,FC0880B82668,62dac69ae95cd50025ecf5f8,0
28,62dac826e95cd50025ecf6b6,CARAVANA,2222,DCD422D6C1E2,62d9a7b10223ce002612afb3,0
29,62f52cd3401c510025e01f60,COLLAR,2.0.0,0004A30B00EE959D,62d6ea330408c608acb6fe4e,0
30,63569644c46ea71ff0abd56a,CARAVANA,2222,2809E2052BC0,62d98f17a30a66002645c2ff,0
31,63582c0cfc71f10030756c4c,CARAVANA,2222,A0624E1427FD,62cfe1b4b8f04b47003be2c6,0
32,6373ea33e5ab530030692089,CARAVANA,2222,0DA752E009EF,62d98c2ca30a66002645be9d,0
33,6386608e3039cf00301d1fc7,PUNTO FIJO,2222,0004A30B00F82747,638f46a8a5c1673814c1f7e2,0
34,638660a23039cf00301d1ff7,PUNTO FIJO,2222,0004A30B00F82E9C,638f557947b80d0025f05eaa,0
35,638660af3039cf00301d200d,COLLAR,2222,0004A30B00F825B7,638660af3039cf00301d200e,0
36,6386616d3039cf00301d20e9,PUNTO FIJO,2222,0004A30B00F88969,638f559b47b80d0025f05f02,0
37,638f7f2f3feed4114c00428b,COLLAR,2222,22222,62d98f17a30a66002645c2ff,0
38,62d97f5fa30a66002645b52a,CARAVANA,2222,C4E890CC7FEC,62d97f14a30a66002645b50b,0
39,63d283ab695091f316b274ea,CARAVANA,2222,0000000000000000,63d282ea695091f316b274cf,0
40,63e64b9922ee080030ba889f,CARAVANA,2222,86395D2360F6,63e64b9822ee080030ba889b,0
41,63ee8291476a9d0030806795,COLLAR,2.2.03,C98BB10944DE,640f6ef10c8f4c1edc67680d,0
42,63f66d0cd3575e0030304d6d,COLLAR,2.1.0,11111111111,63f66cc4d3575e0030304d2c,0
43,63ed0aeaa9f1a40025793c21,CARAVANA,2.2.0,08C53A4833D1,63ed0ae9a9f1a40025793c1d,0
44,63ed0b15a9f1a40025793c56,CARAVANA,2.2.0,2954A72396EE,63ed0b15a9f1a40025793c52,0
45,63ed0b7aa9f1a40025793c86,CARAVANA,2.2.0,BAD710DBC0C1,63ed0b7aa9f1a40025793c82,0
46,63ed0b8da9f1a40025793cea,CARAVANA,2.2.0,20B9380BC0F7,63ed0b8da9f1a40025793ce6,0
47,63ed0b93a9f1a40025793d18,CARAVANA,2.2.0,25F5F860ABDF,63ed0b93a9f1a40025793d0f,0
48,63ed0baea9f1a40025793d84,CARAVANA,2.2.0,CF5D8CA2B8CD,63ed0baea9f1a40025793d80,0
49,63ed0bb4a9f1a40025793dba,CARAVANA,2.2.0,5F262EEC78F2,63ed0bb3a9f1a40025793db5,0
50,63ed0bcba9f1a40025793e1e,CARAVANA,2.2.0,4615377A46C1,63ed0bcba9f1a40025793e1a,0
51,63ed0bcda9f1a40025793e2d,CARAVANA,2.2.0,F55CF5354FDE,63ed0bcda9f1a40025793e28,0
52,63ed0be7a9f1a40025793eb8,CARAVANA,2.2.0,6159041263FE,63ed0be7a9f1a40025793eb4,0
53,63ed0beca9f1a40025793ee8,CARAVANA,2.2.0,67530DD427D3,63ed0beca9f1a40025793edd,0
54,63ed0c02a9f1a40025793f52,CARAVANA,2.2.0,D1C4646997EE,63ed0c02a9f1a40025793f4e,0
55,63ed0c16a9f1a40025793fb6,CARAVANA,2.2.0,95014CD4A0E4,63ed0c15a9f1a40025793fb2,0
56,63ed0c24a9f1a40025793fed,CARAVANA,2.2.0,FD08ACD5B3DF,63ed0c23a9f1a40025793fe9,0
57,63ed0c2ca9f1a4002579403a,CARAVANA,2.2.0,223D69D234E1,63ed0c2ca9f1a40025794036,0
58,63ed0c40a9f1a4002579409d,CARAVANA,2.2.0,A11106D736D2,63ed0c40a9f1a40025794099,0
59,63ed0c42a9f1a400257940aa,CARAVANA,2.2.0,1B5CFCC852C3,63ed0c42a9f1a400257940a4,0
60,63ed0c58a9f1a40025794136,CARAVANA,2.2.0,110FDB4D0ECB,63ed0c58a9f1a40025794132,0
61,63ed0c5ba9f1a40025794158,CARAVANA,2.2.0,BCC9B08375D9,63ed0c5ba9f1a40025794154,0
62,63ed0c69a9f1a400257941b7,CARAVANA,2.2.0,5B984F4C39CB,63ed0c69a9f1a400257941b3,0
63,63ed0ca3a9f1a4002579421e,CARAVANA,2.2.0,5C7B1E9456C9,63ed0ca3a9f1a4002579421a,0
64,63ed0d70a9f1a40025794287,CARAVANA,2.2.0,7A1219C43AFC,63ed0d70a9f1a40025794283,0
65,63ed0d7da9f1a400257942e2,CARAVANA,2.2.0,6A8EFBAD25E8,63ed0d7ca9f1a400257942d7,0
66,63ed0da5a9f1a40025794390,CARAVANA,2.2.0,8E8932514BFF,63ed0da5a9f1a4002579438c,0
67,63ed0da6a9f1a4002579439b,CARAVANA,2.2.0,9259B9538BCB,63ed0da6a9f1a40025794397,0
68,63ed0dc6a9f1a4002579442b,CARAVANA,2.2.0,2F1BE92442D2,63ed0dc6a9f1a40025794427,0
69,63ed0dc9a9f1a4002579444b,CARAVANA,2.2.0,3161E1A82FCF,63ed0dc9a9f1a40025794444,0
70,63ed0ddca9f1a400257944c4,CARAVANA,2.2.0,3613717994DE,63ed0ddca9f1a400257944c0,0
71,63ed0deea9f1a4002579452a,CARAVANA,2.2.0,2DB65C0391ED,63ed0deda9f1a40025794525,0
72,63ed0df3a9f1a40025794538,CARAVANA,2.2.0,3C7CC3550FC5,63ed0df3a9f1a40025794534,0
73,63ed0e08a9f1a4002579459e,CARAVANA,2.2.0,BF92016287C3,63ed0e08a9f1a4002579459a,0
74,63ed0e0fa9f1a400257945d3,CARAVANA,2.2.0,4D81A80A7FDC,63ed0e0fa9f1a400257945cf,0
75,63ed0e1ca9f1a40025794620,CARAVANA,2.2.0,E65B1EC160EC,63ed0e1ca9f1a4002579461c,0
76,63ed0e26a9f1a40025794677,CARAVANA,2.2.0,EEE0DD48D9CA,63ed0e26a9f1a4002579466e,0
77,63ed0e2da9f1a400257946b8,CARAVANA,2.2.0,F21848EDE6C9,63ed0e2da9f1a400257946b4,0
78,63ed0e3da9f1a40025794706,CARAVANA,2.2.0,9283B2A431FC,63ed0e3da9f1a40025794702,0
79,63ed0e4ea9f1a4002579476a,CARAVANA,2.2.0,9025A1997FFC,63ed0e4ea9f1a40025794766,0
80,63ed0e51a9f1a40025794779,CARAVANA,2.2.0,F56FFBD443CB,63ed0e50a9f1a40025794775,0
81,63ed0e61a9f1a40025794803,CARAVANA,2.2.0,165BB0E730F6,63ed0e61a9f1a400257947ff,0
82,63ed0e62a9f1a40025794810,CARAVANA,2.2.0,885F3EA31ED6,63ed0e62a9f1a4002579480a,0
83,63ed0e72a9f1a4002579489c,CARAVANA,2.2.0,8B3DF61BBCC7,63ed0e71a9f1a40025794898,0
84,63ed0e73a9f1a400257948ab,CARAVANA,2.2.0,4DF83DE59CD8,63ed0e73a9f1a400257948a6,0
85,63ed0e82a9f1a40025794935,CARAVANA,2.2.0,EEE3EFB01DDE,63ed0e82a9f1a40025794931,0
86,63ed0e85a9f1a40025794951,CARAVANA,2.2.0,7CE9E21183CB,63ed0e85a9f1a4002579494b,0
87,63ed0e91a9f1a400257949d5,CARAVANA,2.2.0,B7C273688BD3,63ed0e90a9f1a400257949d1,0
88,63ed0ea0a9f1a40025794a57,CARAVANA,2.2.0,82D40C858EFC,63ed0ea0a9f1a40025794a4e,0
89,63ed0eb1a9f1a40025794ac1,CARAVANA,2.2.0,CDED7C7A97D7,63ed0eb1a9f1a40025794abd,0
90,63ed0eb2a9f1a40025794acc,CARAVANA,2.2.0,221061784EE7,63ed0eb2a9f1a40025794ac8,0
91,63ed0ec8a9f1a40025794b5b,CARAVANA,2.2.0,BE09A4C254C4,63ed0ec7a9f1a40025794b57,0
92,63ed0ec9a9f1a40025794b66,CARAVANA,2.2.0,696BE807BACB,63ed0ec9a9f1a40025794b62,0
93,63ed0ed9a9f1a40025794bf7,CARAVANA,2.2.0,0999D86AB7E8,63ed0ed9a9f1a40025794bf3,0
94,63ed0edba9f1a40025794c0d,CARAVANA,2.2.0,7797A90437ED,63ed0edba9f1a40025794c04,0
95,63ed0eeaa9f1a40025794c7b,CARAVANA,2.2.0,AE67748310E2,63ed0eeaa9f1a40025794c77,0
96,63ed0eeca9f1a40025794c86,CARAVANA,2.2.0,C0D8868844F4,63ed0eeba9f1a40025794c82,0
97,63ed0efba9f1a40025794d07,CARAVANA,2.2.0,E4E8B9931CE2,63ed0efba9f1a40025794d03,0
98,63ed0efca9f1a40025794d14,CARAVANA,2.2.0,04801595D6D9,63ed0efca9f1a40025794d0e,0
99,63ed0f0da9f1a40025794da2,CARAVANA,2.2.0,5A6DC37A75C9,63ed0f0ca9f1a40025794d9c,0
100,63ed0f0da9f1a40025794dab,CARAVANA,2.2.0,1B1C4496EAF2,63ed0f0da9f1a40025794da6,0
101,63ed0f1ca9f1a40025794e3a,CARAVANA,2.2.0,F80701E23AE7,63ed0f1ca9f1a40025794e36,0
102,63ed0f1ea9f1a40025794e48,CARAVANA,2.2.0,E88BAFC0A3E4,63ed0f1ea9f1a40025794e41,0
103,63ed0f2ba9f1a40025794ea8,CARAVANA,2.2.0,9EF540DABBD8,63ed0f2ba9f1a40025794ea4,0
104,63ed0f3ba9f1a40025794f11,CARAVANA,2.2.0,4365F34D85F6,63ed0f3ba9f1a40025794f09,0
105,63ed0f3ba9f1a40025794f17,CARAVANA,2.2.0,44BE832F91EC,63ed0f3ba9f1a40025794f0e,0
106,63ed0f4ca9f1a40025794fa5,CARAVANA,2.2.0,FA40DF6AA1DB,63ed0f4ca9f1a40025794fa1,0
107,63ed0f4ea9f1a40025794fb4,CARAVANA,2.2.0,16C210A0D8C9,63ed0f4ea9f1a40025794fb0,0
108,63ed0f5ea9f1a40025795024,CARAVANA,2.2.0,B7ED8064C2DB,63ed0f5ea9f1a40025795020,0
109,63ed0f6fa9f1a4002579508f,CARAVANA,2.2.0,8B9C178818C4,63ed0f6ea9f1a40025795087,0
110,63ed0f6fa9f1a40025795091,CARAVANA,2.2.0,3F5A324311D9,63ed0f6ea9f1a40025795089,0
111,63ed0f7da9f1a400257950fb,CARAVANA,2.2.0,1EDE65B975F6,63ed0f7da9f1a400257950f5,0
112,63ed0f86a9f1a40025795142,CARAVANA,2.2.0,7ABD42C24CF0,63ed0f86a9f1a4002579513e,0
113,63ed0f93a9f1a400257951ad,CARAVANA,2.2.0,503A759AA0CB,63ed0f93a9f1a400257951a9,0
114,63ed0f98a9f1a400257951cf,CARAVANA,2.2.0,CDA3E1841FFE,63ed0f98a9f1a400257951cb,0
115,63ed0fa8a9f1a4002579524c,CARAVANA,2.2.0,102146D4F1C3,63ed0fa8a9f1a40025795244,0
116,63ed0fa8a9f1a4002579524e,CARAVANA,2.2.0,D8E8DA4307DA,63ed0fa8a9f1a40025795246,0
117,63ed0fb9a9f1a400257952dd,CARAVANA,2.2.0,2F4722123ECB,63ed0fb9a9f1a400257952d9,0
118,63ed0fbca9f1a400257952f3,CARAVANA,2.2.0,8D906A4D10C4,63ed0fbca9f1a400257952ea,0
119,63ed0fcca9f1a4002579538a,CARAVANA,2.2.0,05EC3AF8C5D2,63ed0fcca9f1a40025795386,0
120,63ed0fd9a9f1a400257953da,CARAVANA,2.2.0,FC80ADA2A2EA,63ed0fd9a9f1a400257953d6,0
121,63ed0fdea9f1a4002579540c,CARAVANA,2.2.0,8C6D2ED9FBF0,63ed0fdea9f1a40025795404,0
122,63ed0feca9f1a40025795473,CARAVANA,2.2.0,450A7A0CF9DE,63ed0feca9f1a4002579546f,0
123,63ed0feea9f1a40025795487,CARAVANA,2.2.0,3FE15BE7A1FC,63ed0feea9f1a4002579547e,0
124,63ed1001a9f1a400257954cc,CARAVANA,2.2.0,B8044647D9DF,63ed1001a9f1a400257954c8,0
125,63ed1012a9f1a40025795517,CARAVANA,2.2.0,A876F519F4EE,63ed1012a9f1a40025795513,0
126,63ed1020a9f1a40025795579,CARAVANA,2.2.0,15B6C96C56CC,63ed101fa9f1a40025795575,0
127,63ed1026a9f1a4002579559c,CARAVANA,2.2.0,79F82F3CD2FC,63ed1026a9f1a40025795595,0
128,63ed1031a9f1a400257955f6,CARAVANA,2.2.0,ACB20B1433EC,63ed1031a9f1a400257955ee,0
129,63ed1039a9f1a40025795631,CARAVANA,2.2.0,611E4D12A5D5,63ed1039a9f1a40025795629,0
130,63ed1042a9f1a4002579567b,CARAVANA,2.2.0,07FDB1987FEB,63ed1042a9f1a40025795670,0
131,63ed104aa9f1a400257956bb,CARAVANA,2.2.0,DE8EBBEFEAFC,63ed104aa9f1a400257956b1,0
132,63ed1054a9f1a40025795713,CARAVANA,2.2.0,E6826060DECF,63ed1054a9f1a40025795708,0
133,63ed105ea9f1a4002579575f,CARAVANA,2.2.0,A37831CEE8FD,63ed105ea9f1a4002579575a,0
134,63ed1065a9f1a40025795793,CARAVANA,2.2.0,92EEEAA9E9CE,63ed1065a9f1a4002579578f,0
135,63ed1071a9f1a400257957f0,CARAVANA,2.2.0,469E01928DD0,63ed1070a9f1a400257957ec,0
136,63ed1074a9f1a40025795810,CARAVANA,2.2.0,5356DBD346FC,63ed1073a9f1a4002579580a,0
137,63ed1084a9f1a40025795889,CARAVANA,2.2.0,52F35BF7D8D9,63ed1084a9f1a40025795885,0
138,63ed1084a9f1a40025795894,CARAVANA,2.2.0,1D3D6982E3F1,63ed1084a9f1a40025795890,0
139,63ed10b5a9f1a4002579592f,CARAVANA,2.2.0,7EC7BAC86DD1,63ed10b5a9f1a4002579592b,0
140,63ed10c5a9f1a4002579597b,CARAVANA,2.2.0,8F8D733333C1,63ed10c5a9f1a40025795977,0
141,63ed10d5a9f1a400257959c9,CARAVANA,2.2.0,98683A7FBBD1,63ed10d5a9f1a400257959c5,0
142,63ed134ca9f1a40025795ea5,COLLAR,2.1.0,0004A30B00F8A181,63ed1054a9f1a40025795708,0
143,63ed138fa9f1a40025795eb1,COLLAR,2.1.0,0004A30B00F869B4,63ed0d7ca9f1a400257942d7,0
144,63ed13d9a9f1a40025795ec7,COLLAR,2.1.0,0004A30B00F82E81,63ed0e71a9f1a40025794898,0
145,63ed13f6a9f1a40025795edd,COLLAR,2.1.0,0004A30B00F841E4,63ed0eb2a9f1a40025794ac8,0
146,63ed1494a9f1a40025795f0b,COLLAR,2.1.0,0004A30B00F8B356,63ed0ddca9f1a400257944c0,0
147,63ed43f6a9f1a40025796d4f,PUNTO FIJO,2.1.0,0004A30B00F86440,63ed43f6a9f1a40025796d50,0
148,63ed4404a9f1a40025796d70,PUNTO FIJO,2.1.0,0004A30B00F860CC,63ed4404a9f1a40025796d71,0
149,63ed440da9f1a40025796d84,PUNTO FIJO,2.1.0,0004A30B00F89C5D,63ed440da9f1a40025796d85,0
150,63ee52afa9f1a40025797d90,CARAVANA,2.2.0,3081C1D6D5D7,63ee52afa9f1a40025797d8c,0
151,63f8b232110f66003023d9d5,PUNTO FIJO,222777,PRUEBA,63f8b232110f66003023d9d6,0
152,63fc96e388939900301d7772,CARAVANA,1231231,ASDASD,63efe06ce429423750fcbb31,0
153,63fc970288939900301d77bc,PUNTO FIJO,2.1.0233,MEVBE4FED3B7594,63fc970188939900301d77b7,0
154,63fcff17db53680da4769d3a,COLLAR,1010,10101010,63ee8200476a9d00308065fb,0
155,640b79fde5142a002f656028,PUNTO FIJO,2222,0004A30B00F7FC52,640b79fde5142a002f656029,0
156,640b7a20e5142a002f656039,PUNTO FIJO,2222,0004A30B00F7FAC0,640b7a20e5142a002f65603a,0
157,640b7a4be5142a002f65604d,PUNTO FIJO,2222,0004A30B00F7927C,640b7a4be5142a002f65604e,0
158,640b7a61e5142a002f65605e,PUNTO FIJO,2222,0004A30B00F75591,640b7a61e5142a002f65605f,0
159,640b7a86e5142a002f656072,PUNTO FIJO,2222,0004A30B00F899AA,640b7a86e5142a002f656073,0
160,640f18d7fd164103dc37fcf7,CARAVANA,11111,11111111,63fc976e88939900301d7914,0
161,640f1bc3fd164103dc37fd68,COLLAR,11111,11111,640095b298dd6400309d7bfb,0
162,640f3287fd164103dc37feb4,COLLAR,131313,51588585,63efe06ce429423750fcbb31,0
163,640f37df4476f62638c7adbe,COLLAR,121212,12121222,640095b298dd6400309d7bfd,0
164,640f408f9c445d3fc452e655,CARAVANA,1111,11212123,63f66cc4d3575e0030304d2c,0
165,640f6ef10c8f4c1edc6768ac,CARAVANA,2222,DECF0B4CA3D6,640f6ef10c8f4c1edc6767e5,0
166,640f6ef10c8f4c1edc6768b6,CARAVANA,2222,94417248CFD1,640f6ef10c8f4c1edc6767ee,0
167,640f6ef10c8f4c1edc6768b2,CARAVANA,2222,9635C37634FC,640f6ef10c8f4c1edc6767e9,0
168,640f6ef10c8f4c1edc6768c0,CARAVANA,2222,FA6F595951FE,640f6ef10c8f4c1edc6767f8,0
169,640f6ef10c8f4c1edc6768b8,CARAVANA,2222,2E0AA69052F9,640f6ef10c8f4c1edc6767e6,0
170,640f6ef10c8f4c1edc6768b0,CARAVANA,2222,E35B6DE9E2CB,640f6ef10c8f4c1edc6767ec,0
171,640f6ef10c8f4c1edc6768bc,CARAVANA,2222,20807C54D5F9,640f6ef10c8f4c1edc6767f3,0
172,640f6ef10c8f4c1edc6768ca,CARAVANA,2222,36577C95EDCE,640f6ef10c8f4c1edc6767fd,0
173,640f6ef10c8f4c1edc6768c2,CARAVANA,2222,39BE3E1C32FE,640f6ef10c8f4c1edc6767ea,0
174,640f6ef10c8f4c1edc6768c6,CARAVANA,2222,F588815949F4,640f6ef10c8f4c1edc6767e7,0
175,640f6ef10c8f4c1edc6768ba,CARAVANA,2222,FAD687BC9AD4,640f6ef10c8f4c1edc6767f6,0
176,640f6ef10c8f4c1edc6768d4,CARAVANA,2222,511C5B403ADE,640f6ef10c8f4c1edc6767f0,0
177,640f6ef10c8f4c1edc6768d0,CARAVANA,2222,351AC2335BE7,640f6ef10c8f4c1edc6767f4,0
178,640f6ef10c8f4c1edc6768c4,CARAVANA,2222,FC69A34CF2FD,640f6ef10c8f4c1edc6767e8,0
179,640f6ef10c8f4c1edc6768b4,CARAVANA,2222,6F870477B1C0,640f6ef10c8f4c1edc6767f1,0
180,640f6ef10c8f4c1edc6768cc,CARAVANA,2222,0F56F52898F5,640f6ef10c8f4c1edc676800,0
181,640f6ef10c8f4c1edc6768de,CARAVANA,2222,DB251A6942EF,640f6ef10c8f4c1edc676807,0
182,640f6ef10c8f4c1edc6768d6,CARAVANA,2222,14FE60AE5BC1,640f6ef10c8f4c1edc6767ed,0
183,640f6ef10c8f4c1edc6768be,CARAVANA,2222,F8ED69B12AFD,640f6ef10c8f4c1edc6767fb,0
184,640f6ef10c8f4c1edc6768da,CARAVANA,2222,39519EBB25F7,640f6ef10c8f4c1edc6767f9,0
185,640f6ef10c8f4c1edc6768ce,CARAVANA,2222,8655A96A89C9,640f6ef10c8f4c1edc6767eb,0
186,640f6ef10c8f4c1edc6768e8,CARAVANA,2222,D9572561E0D4,640f6ef10c8f4c1edc67680c,0
187,640f6ef10c8f4c1edc6768c8,CARAVANA,2222,2F5C7032F1E9,640f6ef10c8f4c1edc6767ef,0
188,640f6ef10c8f4c1edc6768e0,CARAVANA,2222,09FA3C168AEF,640f6ef10c8f4c1edc6767f2,0
189,640f6ef10c8f4c1edc6768d8,CARAVANA,2222,4F03759410F4,640f6ef10c8f4c1edc676805,0
190,640f6ef10c8f4c1edc6768e4,CARAVANA,2222,3BBABD81BBE0,640f6ef10c8f4c1edc6767f7,0
191,640f6ef10c8f4c1edc6768f2,CARAVANA,2222,3156D4CB90DB,640f6ef10c8f4c1edc676811,0
192,640f6ef10c8f4c1edc6768d2,CARAVANA,2222,4DDAA7F53CC0,640f6ef10c8f4c1edc676802,0
193,640f6ef10c8f4c1edc6768ea,CARAVANA,2222,E2409D8391F9,640f6ef10c8f4c1edc6767fe,0
194,640f6ef10c8f4c1edc6768fc,CARAVANA,2222,6084E2DE1EF3,640f6ef10c8f4c1edc676816,0
195,640f6ef10c8f4c1edc6768ee,CARAVANA,2222,AC7006E6E6EE,640f6ef10c8f4c1edc6767fc,0
196,640f6ef10c8f4c1edc6768e2,CARAVANA,2222,A83138A13AD7,640f6ef10c8f4c1edc67680a,0
197,640f6ef10c8f4c1edc6768f4,CARAVANA,2222,8B6883BC36DE,640f6ef10c8f4c1edc676803,0
198,640f6ef10c8f4c1edc6768dc,CARAVANA,2222,BE8E7D2DAFC0,640f6ef10c8f4c1edc6767f5,0
199,640f6ef10c8f4c1edc676906,CARAVANA,2222,41CA6950E6CA,640f6ef10c8f4c1edc676809,0
200,640f6ef10c8f4c1edc6768f8,CARAVANA,2222,78B3EFA533E0,640f6ef10c8f4c1edc676814,0
201,640f6ef10c8f4c1edc6768ec,CARAVANA,2222,B5059D4759E7,640f6ef10c8f4c1edc67680f,0
202,640f6ef10c8f4c1edc6768e6,CARAVANA,2222,384C49DFC3C7,640f6ef10c8f4c1edc6767fa,0
203,640f6ef10c8f4c1edc6768fe,CARAVANA,2222,50562F1B6CDE,640f6ef10c8f4c1edc676808,0
204,640f6ef10c8f4c1edc676902,CARAVANA,2222,C1B8924ECBC2,640f6ef10c8f4c1edc676819,0
205,640f6ef10c8f4c1edc676910,CARAVANA,2222,D6F40EFC1CE6,640f6ef10c8f4c1edc676810,0
206,640f6ef10c8f4c1edc6768f6,CARAVANA,2222,E6FDA2D375C2,640f6ef10c8f4c1edc676801,0
207,640f6ef10c8f4c1edc6768f0,CARAVANA,2222,783DEE3187C7,640f6ef10c8f4c1edc6767ff,0
208,640f6ef10c8f4c1edc676908,CARAVANA,2222,921B9A9EF5EB,640f6ef10c8f4c1edc67681b,0
209,640f6ef10c8f4c1edc67691a,CARAVANA,2222,6626EE6357E3,640f6ef10c8f4c1edc676825,0
210,640f6ef10c8f4c1edc676900,CARAVANA,2222,5CC0016BA9D5,640f6ef10c8f4c1edc676806,0
211,640f6ef10c8f4c1edc67690c,CARAVANA,2222,BD7AA38E30D8,640f6ef10c8f4c1edc67681e,0
212,640f6ef10c8f4c1edc6768fa,CARAVANA,2222,3F3B962D2AD6,640f6ef10c8f4c1edc676804,0
213,640f6ef10c8f4c1edc676912,CARAVANA,2222,2D4562D873CC,640f6ef10c8f4c1edc676820,0
214,640f6ef10c8f4c1edc676924,CARAVANA,2222,3DA065D9C5DD,640f6ef10c8f4c1edc67682a,0
215,640f6ef10c8f4c1edc676904,CARAVANA,2222,66DD24ACEDF7,640f6ef10c8f4c1edc67680b,0
216,640f6ef10c8f4c1edc67691c,CARAVANA,2222,A811A86C76D4,640f6ef10c8f4c1edc676817,0
217,640f6ef10c8f4c1edc676914,CARAVANA,2222,BD17D82B70CB,640f6ef10c8f4c1edc676812,0
218,640f6ef10c8f4c1edc67692e,CARAVANA,2222,FC34B1101CF7,640f6ef10c8f4c1edc67681d,0
219,640f6ef10c8f4c1edc676916,CARAVANA,2222,A9CC7B83EBFA,640f6ef10c8f4c1edc676823,0
220,640f6ef10c8f4c1edc67691e,CARAVANA,2222,2B55492ABBED,640f6ef10c8f4c1edc676815,0
221,640f6ef10c8f4c1edc676926,CARAVANA,2222,C8989CDF69E5,640f6ef10c8f4c1edc67681c,0
222,640f6ef10c8f4c1edc676938,CARAVANA,2222,D76E5057F0DA,640f6ef10c8f4c1edc676826,0
223,640f6ef10c8f4c1edc676918,CARAVANA,2222,69279EA97DC9,640f6ef10c8f4c1edc676813,0
224,640f6ef10c8f4c1edc676920,CARAVANA,2222,F14F400269CA,640f6ef10c8f4c1edc676828,0
225,640f6ef10c8f4c1edc676928,CARAVANA,2222,3E8BEC8D97E2,640f6ef10c8f4c1edc67681a,0
226,640f6ef10c8f4c1edc676942,CARAVANA,2222,ED0DA3F9B4F7,640f6ef10c8f4c1edc676839,0
227,640f6ef10c8f4c1edc676930,CARAVANA,2222,DE38BFF962CB,640f6ef10c8f4c1edc676821,0
228,640f6ef10c8f4c1edc676922,CARAVANA,2222,74E76521F1F1,640f6ef10c8f4c1edc676818,0
229,640f6ef10c8f4c1edc67692a,CARAVANA,2222,63318BEC51E9,640f6ef10c8f4c1edc67682d,0
230,640f6ef10c8f4c1edc676932,CARAVANA,2222,5BC7400DD0CB,640f6ef10c8f4c1edc67682f,0
231,640f6ef10c8f4c1edc67694c,CARAVANA,2222,195FD819ADE5,640f6ef10c8f4c1edc676830,0
232,640f6ef10c8f4c1edc67692c,CARAVANA,2222,5EED5E8240DD,640f6ef10c8f4c1edc67681f,0
233,640f6ef10c8f4c1edc67693a,CARAVANA,2222,12E64F1ECCCA,640f6ef10c8f4c1edc676834,0
234,640f6ef10c8f4c1edc676934,CARAVANA,2222,A8EA40D7BCF2,640f6ef10c8f4c1edc676832,0
235,640f6ef10c8f4c1edc676956,CARAVANA,2222,8CFA229CD6E4,640f6ef10c8f4c1edc676831,0
236,640f6ef10c8f4c1edc67693c,CARAVANA,2222,0C2187C08DFF,640f6ef10c8f4c1edc676822,0
237,640f6ef10c8f4c1edc67693e,CARAVANA,2222,B7BE43413AEA,640f6ef10c8f4c1edc676829,0
238,640f6ef10c8f4c1edc676936,CARAVANA,2222,3AD9B2BF82E3,640f6ef10c8f4c1edc676824,0
239,640f6ef10c8f4c1edc676944,CARAVANA,2222,F0CF218E2EE5,640f6ef10c8f4c1edc67682b,0
240,640f6ef10c8f4c1edc67694e,CARAVANA,2222,B143BA7AC0F0,640f6ef10c8f4c1edc67682c,0
241,640f6ef10c8f4c1edc676946,CARAVANA,2222,109796572EC9,640f6ef10c8f4c1edc676827,0
242,640f6ef10c8f4c1edc676960,CARAVANA,2222,F23DAF4938C4,640f6ef10c8f4c1edc67683a,0
243,640f6ef10c8f4c1edc676940,CARAVANA,2222,C2AB718E7BE3,640f6ef10c8f4c1edc676837,0
244,640f6ef10c8f4c1edc676948,CARAVANA,2222,567B205920EA,640f6ef10c8f4c1edc67682e,0
245,640f6ef10c8f4c1edc676950,CARAVANA,2222,E0382AC019D4,640f6ef10c8f4c1edc67683e,0
246,640f6ef10c8f4c1edc676958,CARAVANA,2222,80B1FD251FC3,640f6ef10c8f4c1edc676843,0
247,640f6ef10c8f4c1edc67694a,CARAVANA,2222,F12673DC1DF4,640f6ef10c8f4c1edc67683c,0
248,640f6ef10c8f4c1edc67696a,CARAVANA,2222,A197A083DDC6,640f6ef10c8f4c1edc676844,0
249,640f6ef10c8f4c1edc676952,CARAVANA,2222,439CD915A5CC,640f6ef10c8f4c1edc676835,0
250,640f6ef10c8f4c1edc67695a,CARAVANA,2222,BFF3A0EFFDCC,640f6ef10c8f4c1edc676841,0
251,640f6ef10c8f4c1edc676962,CARAVANA,2222,887C1E2F0FCB,640f6ef10c8f4c1edc676846,0
252,640f6ef10c8f4c1edc676954,CARAVANA,2222,1F94B5875CFC,640f6ef10c8f4c1edc676833,0
253,640f6ef10c8f4c1edc67695c,CARAVANA,2222,FBFEEBC8F7CE,640f6ef10c8f4c1edc676838,0
254,640f6ef10c8f4c1edc676964,CARAVANA,2222,879A6DF5EDCB,640f6ef10c8f4c1edc67683b,0
255,640f6ef10c8f4c1edc67695e,CARAVANA,2222,9D6D71FE67EA,640f6ef10c8f4c1edc676836,0
256,640f6ef20c8f4c1edc67696c,CARAVANA,2222,3BF068EBF0E3,640f6ef10c8f4c1edc67683d,0
257,640f6ef10c8f4c1edc676966,CARAVANA,2222,74CB9C499EF9,640f6ef10c8f4c1edc67683f,0
258,640f6ef20c8f4c1edc67696e,CARAVANA,2222,6A0FC27AFED3,640f6ef10c8f4c1edc676842,0
259,640f6ef10c8f4c1edc676968,CARAVANA,2222,A850749FF5DB,640f6ef10c8f4c1edc676840,0
260,640f6ef20c8f4c1edc676970,CARAVANA,2222,D5BF73FDBAF7,640f6ef10c8f4c1edc676845,0
261,640f6ef20c8f4c1edc676972,CARAVANA,2222,1731988577EA,640f6ef10c8f4c1edc676847,0
262,642353585b7e8a48101c0c95,CARAVANA,2222,DA132B7D6DE6,64234a7d2d19ba003055aa84,0
263,642353585b7e8a48101c0c99,CARAVANA,2222,786B46E6A8F9,64234a7d2d19ba003055aa88,0
264,642353585b7e8a48101c0c97,CARAVANA,2222,514C6DDFDAC4,64234a7d2d19ba003055aa86,0
265,642353585b7e8a48101c0c9b,CARAVANA,2222,ED110A6B04E4,64234a7d2d19ba003055aa8c,0
266,642353585b7e8a48101c0c9d,CARAVANA,2222,20C5350795D0,64234a7d2d19ba003055aa8a,0
267,642353595b7e8a48101c0ca5,CARAVANA,2222,C2293B5DF7F0,64234a7d2d19ba003055aa90,0
268,642353595b7e8a48101c0cab,CARAVANA,2222,7A48EFBE05D3,64234a7d2d19ba003055aa80,0
269,642353595b7e8a48101c0caf,CARAVANA,2222,425FC35695DE,64234a7d2d19ba003055aa82,0
270,642353595b7e8a48101c0cad,CARAVANA,2222,AF1BD8737CC7,64234a7d2d19ba003055aa8e,0
271,6423548a5b7e8a48101c0ccc,CARAVANA,2222,81FA70B317DB,64234a7d2d19ba003055aa7e,0
272,642355915b7e8a48101c0e83,CARAVANA,2222,674231D06AEC,6423540e0dac550030135001,0
273,642355925b7e8a48101c0e8b,CARAVANA,2222,82290545BBEA,642354130dac55003013501d,0
274,642355925b7e8a48101c0e8d,CARAVANA,2222,239727B081D8,642354130dac550030135017,0
275,642355925b7e8a48101c0e8f,CARAVANA,2222,5435B56EA1E6,642354180dac550030135073,0
276,642355925b7e8a48101c0e91,CARAVANA,2222,A4571F07AFED,642354140dac550030135041,0
277,642355925b7e8a48101c0e93,CARAVANA,2222,ABE9CB61CAE0,642354130dac55003013502d,0
278,642355925b7e8a48101c0e9b,CARAVANA,2222,561CDD767AC3,642354140dac55003013503f,0
279,642355925b7e8a48101c0ea7,CARAVANA,2222,89A5D90971F6,6423540e0dac550030135005,0
280,642355925b7e8a48101c0ea5,CARAVANA,2222,48CF6A2D79F4,642354130dac55003013501b,0
281,642355925b7e8a48101c0ea3,CARAVANA,2222,2BF21B4DA3E8,642354140dac55003013503b,0
282,642355925b7e8a48101c0ea9,CARAVANA,2222,855C53A160C0,642354180dac550030135071,0
283,642355925b7e8a48101c0eab,CARAVANA,2222,D7875498A3FC,642354140dac550030135031,0
284,642355925b7e8a48101c0eb3,CARAVANA,2222,79CC858E08DF,642354130dac55003013500f,0
285,642355935b7e8a48101c0ebb,CARAVANA,2222,D449AE1013EA,642354180dac550030135083,0
286,642355935b7e8a48101c0ebd,CARAVANA,2222,FEAE7820AECF,642354140dac55003013503d,0
287,642355935b7e8a48101c0ec1,CARAVANA,2222,5881AF43B5FA,642354140dac55003013502f,0
288,642355935b7e8a48101c0ebf,CARAVANA,2222,50E28BA2DFC8,642354130dac55003013502b,0
289,642355935b7e8a48101c0ec6,CARAVANA,2222,2DFDF429ACEA,642354130dac550030135021,0
290,642355935b7e8a48101c0eca,CARAVANA,2222,74B792EA0BCF,642354180dac550030135081,0
291,642355935b7e8a48101c0ed2,CARAVANA,2222,4AC536C14DDA,6423540e0dac550030135003,0
292,642355935b7e8a48101c0ed7,CARAVANA,2222,3C13AB10DDCA,642354140dac550030135033,0
293,642355935b7e8a48101c0ed5,CARAVANA,2222,2E619E5A52F2,642354140dac550030135043,0
294,642355935b7e8a48101c0edb,CARAVANA,2222,EAE16E0AC2F1,642354130dac55003013501f,0
295,642355935b7e8a48101c0edd,CARAVANA,2222,6E9B01D741C4,642354180dac550030135085,0
296,642355935b7e8a48101c0ee2,CARAVANA,2222,E311F9BDACDA,642354130dac550030135019,0
297,642355945b7e8a48101c0eeb,CARAVANA,2222,85C0FE9F09F6,642354190dac5500301350da,0
298,642355945b7e8a48101c0eed,CARAVANA,2222,C06578978CF9,642354180dac55003013507b,0
299,642355945b7e8a48101c0eef,CARAVANA,2222,97FADE1E10DF,642354180dac550030135075,0
300,642355945b7e8a48101c0ef2,CARAVANA,2222,E4C172278EF8,642354190dac5500301350ce,0
301,642355945b7e8a48101c0ef9,CARAVANA,2222,F0835FC606E4,642354190dac5500301350d4,0
302,642355945b7e8a48101c0ef7,CARAVANA,2222,C9B6BF8CCAEF,642354190dac5500301350e8,0
303,642355945b7e8a48101c0f02,CARAVANA,2222,3C8E085B58DA,642354180dac550030135087,0
304,642355945b7e8a48101c0f04,CARAVANA,2222,8E54AC29C2E7,642354190dac5500301350e4,0
305,642355945b7e8a48101c0f07,CARAVANA,2222,797D3E1BE9D3,642354180dac5500301350a4,0
306,642355945b7e8a48101c0f0b,CARAVANA,2222,66C89918DFCF,642354190dac5500301350e0,0
307,642355945b7e8a48101c0f0f,CARAVANA,2222,86E48B135FFE,642354180dac550030135079,0
308,642355945b7e8a48101c0f11,CARAVANA,2222,727A59E99DD2,642354190dac5500301350d8,0
309,642355945b7e8a48101c0f19,CARAVANA,2222,2D33DFBA9CC1,642354190dac5500301350de,0
310,642355955b7e8a48101c0f1c,CARAVANA,2222,56210DD28CE5,642354180dac55003013507f,0
311,642355955b7e8a48101c0f21,CARAVANA,2222,2EA8363C86F2,642354190dac5500301350e6,0
312,642355955b7e8a48101c0f23,CARAVANA,2222,CC5F17598CEB,642354190dac5500301350d2,0
313,642355955b7e8a48101c0f26,CARAVANA,2222,E14AC25768C9,642354190dac5500301350ec,0
314,642355955b7e8a48101c0f29,CARAVANA,2222,10EE20B4B3FA,642354190dac5500301350e2,0
315,642355955b7e8a48101c0f32,CARAVANA,2222,FDEA4DC3B1F0,642354180dac550030135077,0
316,642355955b7e8a48101c0f34,CARAVANA,2222,47A0EC2E0BDD,642354180dac5500301350a2,0
317,642355955b7e8a48101c0f3a,CARAVANA,2222,DABD0FAD23C5,642354180dac5500301350a8,0
318,642355955b7e8a48101c0f3c,CARAVANA,2222,915E7F97CEDB,642354190dac5500301350dc,0
319,642355955b7e8a48101c0f3e,CARAVANA,2222,04B61B6DC0C8,642354180dac55003013507d,0
320,642355955b7e8a48101c0f40,CARAVANA,2222,8E7B7D6DEAC4,642354190dac5500301350d6,0
321,642355955b7e8a48101c0f49,CARAVANA,2222,2819B004DCF1,642354130dac55003013500d,0
322,642355965b7e8a48101c0f4b,CARAVANA,2222,ACCFBDCD36C0,642354190dac5500301350ea,0
323,642355965b7e8a48101c0f4d,CARAVANA,2222,F59334AB32ED,642354180dac5500301350a6,0
324,64235acb5b7e8a48101c1311,CARAVANA,2222,648F4AC5CCCE,642356d10dac550030135805,0
325,64235acb5b7e8a48101c1313,CARAVANA,2222,35BE312703D9,642356d10dac550030135809,0
326,64235acb5b7e8a48101c1315,CARAVANA,2222,0312D0D4B4F3,642356d10dac550030135823,0
327,64235acb5b7e8a48101c1319,CARAVANA,2222,863F1CC35EDF,642356d10dac550030135814,0
328,64235acb5b7e8a48101c1317,CARAVANA,2222,FD7C8167F8E1,642356d10dac5500301357f7,0
329,64235acb5b7e8a48101c131b,CARAVANA,2222,77C4E10452C3,642356d10dac550030135812,0
330,64235acb5b7e8a48101c1329,CARAVANA,2222,6AD80308BFC0,642356d10dac55003013586a,0
331,64235acb5b7e8a48101c132b,CARAVANA,2222,C42FD8F3CFC0,642356d10dac55003013582e,0
332,64235acb5b7e8a48101c132d,CARAVANA,2222,126C9775E5CE,642356d10dac550030135807,0
333,64235acb5b7e8a48101c132f,CARAVANA,2222,044CB557FDCA,642356d10dac550030135816,0
334,64235acb5b7e8a48101c1332,CARAVANA,2222,781D442D6BC2,642356d10dac550030135821,0
335,64235acb5b7e8a48101c1334,CARAVANA,2222,285E07F7A4E2,642356d10dac5500301357f9,0
336,64235acc5b7e8a48101c1340,CARAVANA,2222,8B825D7C9AF1,642356d10dac550030135830,0
337,64235acc5b7e8a48101c1343,CARAVANA,2222,56C78728CBD7,642356d10dac550030135858,0
338,64235acc5b7e8a48101c1345,CARAVANA,2222,798FD28642EC,642356d10dac550030135882,0
339,64235acc5b7e8a48101c134a,CARAVANA,2222,66F16DEEEBEC,642356d10dac550030135825,0
340,64235acc5b7e8a48101c134c,CARAVANA,2222,9CDF0E87E2D3,642356d10dac550030135888,0
341,64235acc5b7e8a48101c134e,CARAVANA,2222,943CABBEA6C3,642356d20dac5500301358a3,0
342,64235acc5b7e8a48101c1356,CARAVANA,2222,D52568C590C2,642356d10dac55003013583f,0
343,64235acc5b7e8a48101c1358,CARAVANA,2222,4EFE4BA1ECD1,642356d10dac550030135843,0
344,64235acc5b7e8a48101c135a,CARAVANA,2222,F47BB77DA2E4,642356d10dac550030135876,0
345,64235acc5b7e8a48101c1362,CARAVANA,2222,E745B0DEBDC5,642356d10dac55003013586e,0
346,64235acc5b7e8a48101c1364,CARAVANA,2222,59017FB7B9ED,642356d10dac55003013585c,0
347,64235acc5b7e8a48101c1366,CARAVANA,2222,31AB897CA6EF,642356d10dac55003013588c,0
348,64235acd5b7e8a48101c136e,CARAVANA,2222,88F4CA9945F1,642356d10dac55003013585e,0
349,64235acd5b7e8a48101c1373,CARAVANA,2222,E9EA7E20B0E9,642356d10dac55003013586c,0
350,64235acd5b7e8a48101c1375,CARAVANA,2222,2DE6762B41CF,642356d10dac550030135845,0
351,64235acd5b7e8a48101c137a,CARAVANA,2222,8592CEDA9AC3,642356d10dac55003013588e,0
352,64235acd5b7e8a48101c1378,CARAVANA,2222,943AC6E93EE0,642356d20dac5500301358a7,0
353,64235acd5b7e8a48101c137e,CARAVANA,2222,E495DB8590D1,642356d20dac55003013589b,0
354,64235acd5b7e8a48101c1386,CARAVANA,2222,585D0B5069EA,642356d10dac550030135872,0
355,64235acd5b7e8a48101c138a,CARAVANA,2222,5C8B2A8998E3,642356d10dac550030135886,0
356,64235acd5b7e8a48101c138c,CARAVANA,2222,62D99DA1B0EB,642356d20dac55003013589f,0
357,64235acd5b7e8a48101c138f,CARAVANA,2222,85C367C8FEFA,642356d10dac550030135884,0
358,64235acd5b7e8a48101c1394,CARAVANA,2222,F7A3DF709DED,642356d20dac5500301358a1,0
359,64235acd5b7e8a48101c1397,CARAVANA,2222,F27387A15BCC,642356d10dac550030135849,0
360,64235ace5b7e8a48101c13a1,CARAVANA,2222,E5F54128D7E2,642356d10dac550030135856,0
361,64235ace5b7e8a48101c139f,CARAVANA,2222,E6353AAF0FC1,642356d10dac550030135874,0
362,64235ace5b7e8a48101c13a7,CARAVANA,2222,EA7F570566FE,642356d10dac550030135862,0
363,64235ace5b7e8a48101c13a9,CARAVANA,2222,F1BE54CAF9D1,642356d10dac55003013585a,0
364,64235ace5b7e8a48101c13ab,CARAVANA,2222,0EAC893523D1,642356d10dac55003013584b,0
365,64235ace5b7e8a48101c13ad,CARAVANA,2222,0980A70D69D6,642356d10dac55003013588a,0
366,64235ace5b7e8a48101c13b5,CARAVANA,2222,799B49869ADB,642356d20dac5500301358a5,0
367,64235ace5b7e8a48101c13b7,CARAVANA,2222,C09BFBEDD7F8,642356d10dac550030135847,0
368,64235ace5b7e8a48101c13bf,CARAVANA,2222,746980A770FD,642356d10dac550030135870,0
369,64235ace5b7e8a48101c13c1,CARAVANA,2222,152AD572C1F3,642356d10dac550030135841,0
370,64235ace5b7e8a48101c13c3,CARAVANA,2222,5BCD34D483F7,642356d10dac550030135878,0
371,64235ace5b7e8a48101c13c6,CARAVANA,2222,7FC0CDCC31C8,642356d10dac550030135860,0
372,64235acf5b7e8a48101c13cf,CARAVANA,2222,8DCB574859FB,642356d20dac55003013589d,0
373,64235acf5b7e8a48101c13d1,CARAVANA,2222,0DFD6BC1DCD7,642356d20dac550030135890,0
374,64235acf5b7e8a48101c13d3,CARAVANA,2222,FB82ADD79CEC,642356d20dac5500301358ad,0
375,64235acf5b7e8a48101c13d9,CARAVANA,2222,6BC3A3FEB6D6,642356d20dac55003013590b,0
376,64235acf5b7e8a48101c13dc,CARAVANA,2222,CD8663A7E7D4,642356d20dac5500301358c9,0
377,64235acf5b7e8a48101c13df,CARAVANA,2222,87781E9CE6FE,642356d20dac5500301358cd,0
378,64235acf5b7e8a48101c13e6,CARAVANA,2222,F898873CCED1,642356d20dac5500301358b3,0
379,64235acf5b7e8a48101c13e9,CARAVANA,2222,8E49583411D6,642356d20dac5500301358c7,0
380,64235acf5b7e8a48101c13ec,CARAVANA,2222,09A782A268C9,642356d20dac5500301358c3,0
381,64235acf5b7e8a48101c13ee,CARAVANA,2222,464F404C27F2,642356d20dac5500301358b9,0
382,64235acf5b7e8a48101c13f4,CARAVANA,2222,3676A1BE4DCF,642356d20dac5500301358b1,0
383,64235acf5b7e8a48101c13f8,CARAVANA,2222,2C98AC659BF1,642356d20dac5500301358db,0
384,64235ad05b7e8a48101c13ff,CARAVANA,2222,19A462B305E6,642356d20dac5500301358fd,0
385,64235ad05b7e8a48101c1401,CARAVANA,2222,CB8072EDCAD9,642356d20dac5500301358ff,0
386,64235ad05b7e8a48101c1403,CARAVANA,2222,DEE251C86ADD,642356d20dac5500301358e9,0
387,64235ad05b7e8a48101c1405,CARAVANA,2222,BF83B12159F8,642356d20dac5500301358bf,0
388,64235ad05b7e8a48101c140c,CARAVANA,2222,DF4083D711C7,642356d20dac5500301358df,0
389,64235ad05b7e8a48101c1410,CARAVANA,2222,BF21BC5264C9,642356d20dac5500301358bd,0
390,64235ad05b7e8a48101c1419,CARAVANA,2222,CA6663AF9AC1,642356d20dac5500301358ed,0
391,64235ad05b7e8a48101c1417,CARAVANA,2222,4C60B079D9EF,642356d20dac550030135909,0
392,64235ad05b7e8a48101c141c,CARAVANA,2222,145D42BD75EE,642356d20dac5500301358cf,0
393,64235ad05b7e8a48101c141e,CARAVANA,2222,E3CD3F221CCD,642356d20dac55003013590d,0
394,64235ad05b7e8a48101c1422,CARAVANA,2222,04BECF9DEFE4,642356d20dac5500301358f1,0
395,64235ad05b7e8a48101c1428,CARAVANA,2222,EF06D1120AD6,642356d20dac5500301358d7,0
396,64235ad15b7e8a48101c1431,CARAVANA,2222,80C79E87A3D3,642356d30dac550030135927,0
397,64235ad15b7e8a48101c142f,CARAVANA,2222,9E9AACFBB3F1,642356d20dac5500301358b5,0
398,64235ad15b7e8a48101c1434,CARAVANA,2222,ED644CBC69F3,642356d20dac5500301358a9,0
399,64235ad15b7e8a48101c1436,CARAVANA,2222,A2F81D7007EE,642356d20dac5500301358c5,0
400,64235ad15b7e8a48101c143a,CARAVANA,2222,DCD3F7FE38F6,642356d20dac5500301358ef,0
401,64235ad15b7e8a48101c1440,CARAVANA,2222,C14EA7AEB9E8,642356d20dac5500301358b7,0
402,64235ad15b7e8a48101c1446,CARAVANA,2222,3A33A2959AC7,642356d20dac5500301358d9,0
403,64235ad15b7e8a48101c1449,CARAVANA,2222,D2AF39F492FD,642356d30dac55003013593f,0
404,64235ad15b7e8a48101c144c,CARAVANA,2222,7BEC62A6A3F3,642356d20dac5500301358d1,0
405,64235ad15b7e8a48101c1450,CARAVANA,2222,5DAD3E9B09C9,642356d20dac5500301358d3,0
406,64235ad15b7e8a48101c1453,CARAVANA,2222,88A554813DE4,642356d20dac5500301358e5,0
407,64235ad25b7e8a48101c1458,CARAVANA,2222,FEBC3661DDC5,642356d20dac5500301358fb,0
408,64235ad25b7e8a48101c1460,CARAVANA,2222,B70D6AF2CAFF,642356d30dac550030135923,0
409,64235ad25b7e8a48101c145e,CARAVANA,2222,7EEAC16CE4DD,642356d20dac5500301358af,0
410,64235ad25b7e8a48101c1462,CARAVANA,2222,717F2999FBC2,642356d30dac550030135939,0
411,64235ad25b7e8a48101c1469,CARAVANA,2222,E236D47E41EB,642356d30dac55003013591f,0
412,64235ad25b7e8a48101c146b,CARAVANA,2222,F44CC76101E9,642356d30dac55003013592d,0
413,64235ad25b7e8a48101c1470,CARAVANA,2222,14D4D31067DE,642356d20dac5500301358cb,0
414,64235ad25b7e8a48101c1476,CARAVANA,2222,F80B9DF1EFD5,642356d30dac55003013591b,0
415,64235ad25b7e8a48101c1478,CARAVANA,2222,2B14DF24ECFC,642356d20dac5500301358dd,0
416,64235ad25b7e8a48101c147a,CARAVANA,2222,87F2D6C886E0,642356d20dac5500301358e1,0
417,64235ad25b7e8a48101c1481,CARAVANA,2222,CF3C137C95CA,642356d30dac55003013592b,0
418,64235ad35b7e8a48101c1483,CARAVANA,2222,0DD0FA5D12FD,642356d20dac550030135907,0
419,64235ad35b7e8a48101c1488,CARAVANA,2222,EAF25F653FF8,642356d20dac5500301358bb,0
420,64235ad35b7e8a48101c148e,CARAVANA,2222,EADDEAB85AEE,642356d20dac550030135911,0
421,64235ad35b7e8a48101c1490,CARAVANA,2222,6BC8531F6FC6,642356d30dac550030135943,0
422,64235ad35b7e8a48101c1492,CARAVANA,2222,A11AA531B7C2,642356d20dac5500301358ab,0
423,64235ad35b7e8a48101c1499,CARAVANA,2222,379BA3933EC5,642356d30dac550030135931,0
424,64235ad35b7e8a48101c149b,CARAVANA,2222,0260089E46D7,642356d20dac5500301358eb,0
425,64235ad35b7e8a48101c14a0,CARAVANA,2222,D403E24991E5,642356d20dac5500301358c1,0
426,64235ad35b7e8a48101c14a5,CARAVANA,2222,8FEEF808A2E9,642356d20dac5500301358f7,0
427,64235ad35b7e8a48101c14a8,CARAVANA,2222,45E05E534EDB,642356d20dac5500301358f3,0
428,64235ad35b7e8a48101c14ab,CARAVANA,2222,9F3AF6FB91F3,6423541a0dac5500301350f3,0
429,64235ad35b7e8a48101c14b1,CARAVANA,2222,99BA9C86DBD3,642356d20dac550030135903,0
430,64235ad35b7e8a48101c14b3,CARAVANA,2222,B97BD831FDEE,642356d30dac550030135937,0
431,64235ad45b7e8a48101c14b8,CARAVANA,2222,A964ED28EDE2,642356d20dac550030135901,0
432,64235ad45b7e8a48101c14bd,CARAVANA,2222,71F5874DB0E2,642356d30dac550030135919,0
433,64235ad45b7e8a48101c14bf,CARAVANA,2222,4649BC6C16C7,642356d30dac550030135915,0
434,64235ad45b7e8a48101c14c3,CARAVANA,2222,F9A8A98955D0,642356d30dac550030135929,0
435,64235ad45b7e8a48101c14c9,CARAVANA,2222,258154D2F8DF,642356d20dac550030135913,0
436,64235ad45b7e8a48101c14cb,CARAVANA,2222,E724816531F8,642356d30dac550030135917,0
437,64235ad45b7e8a48101c14d0,CARAVANA,2222,27CB88B919C2,642356d30dac550030135941,0
438,64235ad45b7e8a48101c14d6,CARAVANA,2222,83D6CF78F3F8,642356d30dac550030135935,0
439,64235ad45b7e8a48101c14d8,CARAVANA,2222,2481EA7D04FE,642356d20dac55003013590f,0
440,64235ad45b7e8a48101c14da,CARAVANA,2222,5B58DD0BE3D4,642356d30dac550030135933,0
441,64235ad45b7e8a48101c14e3,CARAVANA,2222,CF3A71854AF4,642356d20dac5500301358d5,0
442,64235ad45b7e8a48101c14e1,CARAVANA,2222,C98F53771EF8,642356d20dac5500301358e7,0
443,64235ad55b7e8a48101c14e8,CARAVANA,2222,37FBCF8483EC,642356d30dac55003013593d,0
444,64235ad55b7e8a48101c14ee,CARAVANA,2222,AB038542CBFF,642356d20dac5500301358e3,0
445,64235ad55b7e8a48101c14f0,CARAVANA,2222,09E1D0BCFDFA,642356d30dac550030135925,0
446,64235ad55b7e8a48101c14f2,CARAVANA,2222,175F261DE6D8,642356d30dac55003013593b,0
447,64235ad55b7e8a48101c14fb,CARAVANA,2222,229A4868A9E8,642356d30dac550030135921,0
448,64235ad55b7e8a48101c14f9,CARAVANA,2222,3620FAAFE9D5,642356d20dac5500301358f9,0
449,64235ad55b7e8a48101c1500,CARAVANA,2222,C51FD3CC87F7,642356d30dac55003013592f,0
450,64235ad55b7e8a48101c1505,CARAVANA,2222,8BDF2AF9A4DC,642356d20dac5500301358f5,0
451,64235ad55b7e8a48101c1507,CARAVANA,2222,58ACABC9A1D6,642356d30dac55003013591d,0
452,64235ad55b7e8a48101c150d,CARAVANA,2222,4026A4CB1BDA,642356d20dac550030135905,0
453,64235ad55b7e8a48101c1511,CARAVANA,2222,BF5995F282C7,642356d50dac550030135a2a,0
454,64235ad55b7e8a48101c1513,CARAVANA,2222,31B918DBCFC1,642356d50dac5500301359ff,0
455,64235ad65b7e8a48101c1518,CARAVANA,2222,6958A252D1E6,642356d50dac5500301359f6,0
456,64235ad65b7e8a48101c1520,CARAVANA,2222,3F360C343DDE,642356d50dac550030135a4f,0
457,64235ad65b7e8a48101c151e,CARAVANA,2222,33EC6F3026E5,642356d50dac550030135a08,0
458,64235ad65b7e8a48101c1522,CARAVANA,2222,F689877264EE,642356d50dac550030135a21,0
459,64235ad65b7e8a48101c1529,CARAVANA,2222,5B6B069684CF,642356d50dac550030135a39,0
460,64235ad65b7e8a48101c152b,CARAVANA,2222,C40C875CFED5,642356d40dac5500301359da,0
461,64235ad65b7e8a48101c1530,CARAVANA,2222,48604B3B1AC3,642356d50dac550030135a58,0
462,64235ad65b7e8a48101c1535,CARAVANA,2222,8641425017EF,642356d50dac550030135aa9,0
463,64235ad65b7e8a48101c1537,CARAVANA,2222,EE2CE11249D4,642356d50dac550030135a87,0
464,64235ad65b7e8a48101c153c,CARAVANA,2222,9691B25FF4E1,642356d50dac550030135ab5,0
465,64235ad75b7e8a48101c1541,CARAVANA,2222,BCB9715B06D0,642356d50dac550030135a82,0
466,64235ad75b7e8a48101c1543,CARAVANA,2222,84575FCB89D7,642356d50dac550030135aad,0
467,64235ad75b7e8a48101c1548,CARAVANA,2222,76FE365643F9,642356d50dac550030135ab9,0
468,64235ad75b7e8a48101c154d,CARAVANA,2222,F686AD6260C5,642356d50dac550030135ab1,0
469,64235ad75b7e8a48101c154f,CARAVANA,2222,5D1F202B20C5,642356d50dac550030135ac9,0
470,64235ad75b7e8a48101c1554,CARAVANA,2222,023D3D9F29C8,642356d60dac550030135ae3,0
471,64235ad75b7e8a48101c1559,CARAVANA,2222,DBE3A89284D1,642356d60dac550030135ae5,0
472,64235ad75b7e8a48101c155c,CARAVANA,2222,8E7D49AC6DE3,642356d60dac550030135ad3,0
473,64235ad75b7e8a48101c1560,CARAVANA,2222,9A494A6701C4,642356d50dac550030135acb,0
474,64235ad75b7e8a48101c1567,CARAVANA,2222,10B2933205E8,642356d60dac550030135ae7,0
475,64235ad75b7e8a48101c1565,CARAVANA,2222,1C2C92E7B0C2,642356d60dac550030135ae1,0
476,64235ad75b7e8a48101c156c,CARAVANA,2222,7EA28CF462CF,642356d60dac550030135add,0
477,64235ad75b7e8a48101c1571,CARAVANA,2222,0EE4B7A3EECE,642356d60dac550030135aef,0
478,64235ad85b7e8a48101c1574,CARAVANA,2222,7361DF7371F1,642356d60dac550030135af3,0
479,64235ad85b7e8a48101c1577,CARAVANA,2222,6CE3677216E2,642356d50dac550030135ab3,0
480,64235ad85b7e8a48101c157d,CARAVANA,2222,BE578BA5FAC2,642356d50dac550030135aaf,0
481,64235ad85b7e8a48101c157f,CARAVANA,2222,DCA6E4E31ED9,642356d60dac550030135af1,0
482,64235ad85b7e8a48101c1585,CARAVANA,2222,BBC7262FD0EF,642356d40dac5500301359ec,0
483,64235ad85b7e8a48101c1588,CARAVANA,2222,97D1BF61A3EB,642356d50dac550030135a43,0
484,64235ad85b7e8a48101c158c,CARAVANA,2222,3931B10B89E5,642356d50dac550030135a0a,0
485,64235ad85b7e8a48101c158f,CARAVANA,2222,034D10CBB2C9,642356d60dac550030135af5,0
486,64235ad85b7e8a48101c1595,CARAVANA,2222,C074DC3D9BE4,642356d50dac550030135a3b,0
487,64235ad85b7e8a48101c1597,CARAVANA,2222,CFD9D5A60AFE,642356d50dac550030135a0c,0
488,64235ad85b7e8a48101c159c,CARAVANA,2222,404C6828BAF7,642356d50dac550030135a16,0
489,64235ad85b7e8a48101c15a1,CARAVANA,2222,384DA2E4AEF3,642356d50dac550030135a51,0
490,64235ad95b7e8a48101c15a7,CARAVANA,2222,70C26B24E2D9,642356d50dac550030135a93,0
491,64235ad95b7e8a48101c15a5,CARAVANA,2222,FD066160ABF4,642356d50dac550030135a95,0
492,64235ad95b7e8a48101c15ad,CARAVANA,2222,FA9F94EF89D0,642356d50dac550030135a48,0
493,64235ad95b7e8a48101c15af,CARAVANA,2222,5BE4ACA2C2EE,642356d50dac550030135a30,0
494,64235ad95b7e8a48101c15b4,CARAVANA,2222,9D8D14467AD4,642356d50dac550030135ac5,0
495,64235ad95b7e8a48101c15b8,CARAVANA,2222,66ACF1FCE6D3,642356d50dac550030135a72,0
496,64235ad95b7e8a48101c15bd,CARAVANA,2222,37A462EA60DE,642356d50dac550030135a7a,0
497,64235ad95b7e8a48101c15bf,CARAVANA,2222,1880C6CEABD8,642356d50dac550030135a66,0
498,64235ad95b7e8a48101c15c7,CARAVANA,2222,2CCE3D4E33C3,642356d50dac550030135a68,0
499,64235ad95b7e8a48101c15c5,CARAVANA,2222,ACF6177878F3,642356d60dac550030135ad7,0
500,64235ad95b7e8a48101c15cd,CARAVANA,2222,A9A69469B2C5,642356d50dac550030135a7e,0
501,64235ad95b7e8a48101c15d2,CARAVANA,2222,77E54A0FBCDC,642356d50dac550030135a8d,0
502,64235ada5b7e8a48101c15d4,CARAVANA,2222,0A201951B1C7,642356d60dac550030135adf,0
503,64235ada5b7e8a48101c15d7,CARAVANA,2222,89BB7D0CBAEB,642356d60dac550030135ad1,0
504,64235ada5b7e8a48101c15dd,CARAVANA,2222,1CAB9412ADF6,642356d50dac550030135aab,0
505,64235ada5b7e8a48101c15df,CARAVANA,2222,6A68BB57C2C7,642356d60dac550030135adb,0
506,64235ada5b7e8a48101c15e4,CARAVANA,2222,ABB64045A1CF,642356d60dac550030135ad9,0
507,64235ada5b7e8a48101c15ea,CARAVANA,2222,B318431BE1CD,642356d60dac550030135af7,0
508,64235ada5b7e8a48101c15ec,CARAVANA,2222,66A909E6ACDB,642356d60dac550030135ad5,0
509,64235ada5b7e8a48101c15ee,CARAVANA,2222,B530802034E8,642356d60dac550030135ae9,0
510,64235ada5b7e8a48101c15f5,CARAVANA,2222,8ACE09CF87D7,642356d50dac550030135ac7,0
511,64235ada5b7e8a48101c15f7,CARAVANA,2222,6051460AF9FD,642356d50dac550030135abb,0
512,64235ada5b7e8a48101c15fc,CARAVANA,2222,0763A50D44E2,642356d50dac550030135ac3,0
513,64235ada5b7e8a48101c1601,CARAVANA,2222,C337E02A49C1,642356d50dac550030135aa3,0
514,64235ada5b7e8a48101c1604,CARAVANA,2222,09143E6CFECA,642356d50dac550030135aa7,0
515,64235adb5b7e8a48101c1607,CARAVANA,2222,93E0BDFDC2D0,642356d50dac550030135a6c,0
516,64235adb5b7e8a48101c160d,CARAVANA,2222,C8C32EF26BF2,642356d50dac550030135a56,0
517,64235adb5b7e8a48101c160f,CARAVANA,2222,A815727AEFF7,642356d60dac550030135aed,0
518,64235adb5b7e8a48101c1614,CARAVANA,2222,D7F6820D88F8,642356d50dac550030135ab7,0
519,64235adb5b7e8a48101c161a,CARAVANA,2222,CF1CEBE6E3E2,642356d50dac550030135abf,0
520,64235adb5b7e8a48101c161c,CARAVANA,2222,E33AC868D5E3,642356d50dac550030135acf,0
521,64235adb5b7e8a48101c161e,CARAVANA,2222,3701F0899CE7,642356d60dac550030135aeb,0
522,64235adb5b7e8a48101c1625,CARAVANA,2222,48A589EDDDC8,642356d50dac550030135a18,0
523,64235adb5b7e8a48101c1627,CARAVANA,2222,FB267D4776DB,642356d50dac550030135a41,0
524,64235adb5b7e8a48101c162c,CARAVANA,2222,2A11F9109AEE,642356d50dac550030135a5a,0
525,64235adb5b7e8a48101c1632,CARAVANA,2222,01A4B77B51D3,642356d50dac550030135a3f,0
526,64235adb5b7e8a48101c1634,CARAVANA,2222,82D1E0B041F1,642356d50dac550030135a70,0
527,64235adb5b7e8a48101c1636,CARAVANA,2222,B2EB27652BD9,642356d50dac550030135a78,0
528,64235adc5b7e8a48101c163d,CARAVANA,2222,0AEC6962E1D7,642356d50dac550030135a97,0
529,64235adc5b7e8a48101c163f,CARAVANA,2222,25822E9374DD,642356d50dac550030135a53,0
530,64235adc5b7e8a48101c1644,CARAVANA,2222,31E7B9226FF8,642356d50dac550030135a64,0
531,64235adc5b7e8a48101c164a,CARAVANA,2222,78990BA6EAF7,642356d50dac550030135a2c,0
532,64235adc5b7e8a48101c164c,CARAVANA,2222,4C380A0A80F8,642356d50dac550030135a46,0
533,64235adc5b7e8a48101c164e,CARAVANA,2222,21E3A6F323F9,642356d50dac550030135a6a,0
534,64235adc5b7e8a48101c1655,CARAVANA,2222,AC6678A723D7,642356d50dac550030135a9b,0
535,64235adc5b7e8a48101c1657,CARAVANA,2222,A73539D619FC,642356d50dac550030135a2e,0
536,64235adc5b7e8a48101c165c,CARAVANA,2222,3342EF6BBDD9,642356d50dac550030135a7c,0
537,64235adc5b7e8a48101c1662,CARAVANA,2222,61D047C1EFC5,642356d50dac550030135a3d,0
538,64235adc5b7e8a48101c1664,CARAVANA,2222,2B563ACA5AFF,642356d50dac550030135a8b,0
539,64235adc5b7e8a48101c1666,CARAVANA,2222,20E918B0FBED,642356d50dac550030135a74,0
540,64235add5b7e8a48101c166d,CARAVANA,2222,55CEEC8BECD3,642356d50dac550030135a99,0
541,64235add5b7e8a48101c166f,CARAVANA,2222,4CA0C08D39DB,642356d50dac550030135a4b,0
542,64235add5b7e8a48101c1674,CARAVANA,2222,756730BFA9CB,642356d50dac550030135a4d,0
543,64235add5b7e8a48101c167a,CARAVANA,2222,D3DAF2A483E5,642356d50dac550030135a76,0
544,64235add5b7e8a48101c167c,CARAVANA,2222,C31B397564F4,642356d50dac550030135a9f,0
545,64235add5b7e8a48101c167e,CARAVANA,2222,FEFC04D808C6,642356d50dac550030135a60,0
546,64235add5b7e8a48101c1685,CARAVANA,2222,D663435CC5C7,642356d50dac550030135a8f,0
547,64235add5b7e8a48101c1687,CARAVANA,2222,D7AC78AA7ACB,642356d50dac550030135abd,0
548,64235add5b7e8a48101c168c,CARAVANA,2222,8F8891A611EB,642356d50dac550030135a89,0
549,64235add5b7e8a48101c1692,CARAVANA,2222,5A0C4BAF22D0,642356d50dac550030135ac1,0
550,64235add5b7e8a48101c1696,CARAVANA,2222,2F970D21FDD0,642356d50dac550030135a85,0
551,64235add5b7e8a48101c1694,CARAVANA,2222,8F97EB533FC6,642356d50dac550030135a80,0
552,64235ade5b7e8a48101c169f,CARAVANA,2222,2AECB6ED21D2,642356d50dac550030135a5e,0
553,64235ade5b7e8a48101c169d,CARAVANA,2222,AE2964CB5FCE,642356d50dac550030135aa5,0
554,64235ade5b7e8a48101c16a4,CARAVANA,2222,2443C055CBE8,642356d50dac550030135a91,0
555,64235ade5b7e8a48101c16aa,CARAVANA,2222,988F2DE268C5,642356d50dac550030135acd,0
556,64235ade5b7e8a48101c16ac,CARAVANA,2222,AAE1635FCACF,642356d50dac550030135a9d,0
557,64235ade5b7e8a48101c16ae,CARAVANA,2222,C1B8FA428AE1,642356d50dac550030135a5c,0
558,64235ade5b7e8a48101c16b5,CARAVANA,2222,60CF7A7329E8,642356d50dac550030135aa1,0
559,64235ade5b7e8a48101c16b7,CARAVANA,2222,AB2C4306EBE6,642356d50dac550030135a6e,0
560,64235ade5b7e8a48101c16bc,CARAVANA,2222,F4EBB9D75CCC,642356d50dac550030135a62,0
561,64235e6e62f1a32bd8fff5fb,COLLAR,2200,0004A30B00F89C52,64235c730dac550030135fa4,0
562,64235e6e62f1a32bd8fff5ff,COLLAR,2200,0004A30B00F81069,64235c730dac550030135fac,0
563,64235e6e62f1a32bd8fff603,COLLAR,2200,0004A30B00F7E0C6,64235c730dac550030135fae,0
564,64235e6e62f1a32bd8fff60f,COLLAR,2200,0004A30B00F83085,64235c730dac550030135fb4,0
565,64235e6e62f1a32bd8fff611,COLLAR,2200,0004A30B00F840D6,64235c730dac550030135fb2,0
566,642360b02db4a76760913a53,COLLAR,2200,0004A30B00F842B6,64235c730dac550030135fa7,0
567,642360b02db4a76760913a5a,COLLAR,2200,0004A30B00F8B217,64235c730dac550030135fb0,0
568,642360b02db4a76760913a58,COLLAR,2200,0004A30B00F81075,64235c730dac550030135faa,0
569,64236c77cf291b10b4ea5575,COLLAR,2200,0004A30B00F862AF,642367fd0dac550030136043,0
570,64236c77cf291b10b4ea557a,COLLAR,2200,0004A30B00F82EB9,642367fd0dac550030136047,0
571,64236c77cf291b10b4ea557c,COLLAR,2200,0004A30B00F842C1,642367fd0dac550030136045,0
572,642448faf8f189037068ccc1,CARAVANA,2.2.0,2D55492ABBED,6424319990adbe6da4fb1c8a,0
